{
    "Dry_Green_g": {
        "MAE": 11.346118927001953,
        "RMSE": 16.735125413555224,
        "R2": 0.48058152198791504
    },
    "Dry_Dead_g": {
        "MAE": 8.822559356689453,
        "RMSE": 11.420528306382108,
        "R2": -0.013920903205871582
    },
    "Dry_Clover_g": {
        "MAE": 7.107056140899658,
        "RMSE": 13.242271040481324,
        "R2": 0.04605191946029663
    },
    "Dry_Total_g": {
        "MAE": 12.494889259338379,
        "RMSE": 16.470585353434334,
        "R2": 0.6142228245735168
    },
    "GDM_g": {
        "MAE": 11.929630279541016,
        "RMSE": 15.586135748269246,
        "R2": 0.5970820188522339
    }
}