{
    "train_loss": [
        1285.8105997721354,
        1234.0963216145833,
        1037.0081217447917,
        773.4737447102865,
        547.0181579589844,
        529.918369547526,
        457.80792948404945,
        350.42071329752605,
        342.0867889404297,
        325.22364196777346,
        259.12383728027345,
        228.7949417114258,
        204.89164606730142,
        229.740522257487,
        215.95930074055988,
        262.90853627522785,
        240.86512451171876,
        215.680317179362,
        219.8782745361328,
        174.65269419352214,
        224.4017817179362,
        217.97358093261718,
        224.46056009928387,
        182.7508514404297,
        203.67230122884115
    ],
    "val_loss": [
        1279.5960083007812,
        1128.604995727539,
        635.4307556152344,
        586.8188171386719,
        464.20255279541016,
        457.3443374633789,
        329.74021911621094,
        340.99071502685547,
        306.2868843078613,
        266.10661697387695,
        289.5707473754883,
        240.0939064025879,
        247.82469177246094,
        253.02067947387695,
        256.60919189453125,
        255.96882247924805,
        219.02846336364746,
        227.44201278686523,
        223.4696388244629,
        213.59756469726562,
        218.62713623046875,
        254.59218215942383,
        258.52921295166016,
        238.57781600952148,
        264.2095947265625
    ]
}